Model,Mean Squared Error,R2 Score
Linear Regression,0.1419322902633833,0.8669219471645002
Logistic Regression,0.13451268357810414,0.8738786925862074
GaussianNB,0.5223631508678238,0.5102237069414755
SVM,0.09462616822429906,0.9112769462734238
Random Forest,0.07086169983683838,0.9335589032108154
Gradient Boosting,0.09868068088920215,0.9074753684249941
XGBoost,0.07525013176064828,0.9294442534446716
